tabla;aislacion;temp_C;metodo;disposicion;seccion_mm2;I_cobre_A;I_aluminio_A;relacion_Al_Cu
Tabla 36;PVC;70;A1;2c;16;61.0;48.0;0.7869
Tabla 36;PVC;70;A1;3c;16;56.0;43.0;0.7679
Tabla 36;PVC;70;A2;2c;16;57.0;44.0;0.7719
Tabla 36;PVC;70;A2;3c;16;52.0;41.0;0.7885
Tabla 36;PVC;70;B1;2c;16;76.0;60.0;0.7895
Tabla 36;PVC;70;B1;3c;16;68.0;53.0;0.7794
Tabla 36;PVC;70;B2;2c;16;69.0;54.0;0.7826
Tabla 36;PVC;70;B2;3c;16;62.0;48.0;0.7742
Tabla 36;PVC;70;C;2c;16;85.0;66.0;0.7765
Tabla 36;PVC;70;C;3c;16;76.0;59.0;0.7763
Tabla 36;PVC;70;D;2c;16;81.0;62.0;0.7654
Tabla 36;PVC;70;D;3c;16;67.0;52.0;0.7761
Tabla 36;PVC;70;A1;2c;25;80.0;63.0;0.7875
Tabla 36;PVC;70;A1;3c;25;73.0;57.0;0.7808
Tabla 36;PVC;70;A2;2c;25;75.0;58.0;0.7733
Tabla 36;PVC;70;A2;3c;25;68.0;53.0;0.7794
Tabla 36;PVC;70;B1;2c;25;101.0;79.0;0.7822
Tabla 36;PVC;70;B1;3c;25;89.0;70.0;0.7865
Tabla 36;PVC;70;B2;2c;25;90.0;71.0;0.7889
Tabla 36;PVC;70;B2;3c;25;80.0;62.0;0.775
Tabla 36;PVC;70;C;2c;25;112.0;83.0;0.7411
Tabla 36;PVC;70;C;3c;25;96.0;73.0;0.7604
Tabla 36;PVC;70;D;2c;25;104.0;80.0;0.7692
Tabla 36;PVC;70;D;3c;25;86.0;66.0;0.7674
Tabla 36;PVC;70;A1;2c;35;99.0;77.0;0.7778
Tabla 36;PVC;70;A1;3c;35;89.0;70.0;0.7865
Tabla 36;PVC;70;A2;2c;35;92.0;71.0;0.7717
Tabla 36;PVC;70;A2;3c;35;83.0;65.0;0.7831
Tabla 36;PVC;70;B1;2c;35;125.0;97.0;0.776
Tabla 36;PVC;70;B1;3c;35;110.0;86.0;0.7818
Tabla 36;PVC;70;B2;2c;35;111.0;86.0;0.7748
Tabla 36;PVC;70;B2;3c;35;99.0;77.0;0.7778
Tabla 36;PVC;70;C;2c;35;138.0;103.0;0.7464
Tabla 36;PVC;70;C;3c;35;119.0;90.0;0.7563
Tabla 36;PVC;70;D;2c;35;125.0;96.0;0.768
Tabla 36;PVC;70;D;3c;35;103.0;80.0;0.7767
Tabla 36;PVC;70;A1;2c;50;119.0;93.0;0.7815
Tabla 36;PVC;70;A1;3c;50;108.0;84.0;0.7778
Tabla 36;PVC;70;A2;2c;50;110.0;86.0;0.7818
Tabla 36;PVC;70;A2;3c;50;99.0;78.0;0.7879
Tabla 36;PVC;70;B1;2c;50;151.0;118.0;0.7815
Tabla 36;PVC;70;B1;3c;50;134.0;104.0;0.7761
Tabla 36;PVC;70;B2;2c;50;133.0;104.0;0.782
Tabla 36;PVC;70;B2;3c;50;118.0;92.0;0.7797
Tabla 36;PVC;70;C;2c;50;168.0;125.0;0.744
Tabla 36;PVC;70;C;3c;50;144.0;110.0;0.7639
Tabla 36;PVC;70;D;2c;50;148.0;113.0;0.7635
Tabla 36;PVC;70;D;3c;50;122.0;94.0;0.7705
Tabla 36;PVC;70;A1;2c;70;151.0;118.0;0.7815
Tabla 36;PVC;70;A1;3c;70;136.0;107.0;0.7868
Tabla 36;PVC;70;A2;2c;70;139.0;108.0;0.777
Tabla 36;PVC;70;A2;3c;70;125.0;98.0;0.784
Tabla 36;PVC;70;B1;2c;70;192.0;150.0;0.7812
Tabla 36;PVC;70;B1;3c;70;171.0;133.0;0.7778
Tabla 36;PVC;70;B2;2c;70;168.0;131.0;0.7798
Tabla 36;PVC;70;B2;3c;70;149.0;116.0;0.7785
Tabla 36;PVC;70;C;2c;70;213.0;160.0;0.7512
Tabla 36;PVC;70;C;3c;70;184.0;140.0;0.7609
Tabla 36;PVC;70;D;2c;70;183.0;140.0;0.765
Tabla 36;PVC;70;D;3c;70;151.0;117.0;0.7748
Tabla 36;PVC;70;A1;2c;95;182.0;142.0;0.7802
Tabla 36;PVC;70;A1;3c;95;164.0;129.0;0.7866
Tabla 36;PVC;70;A2;2c;95;167.0;130.0;0.7784
Tabla 36;PVC;70;A2;3c;95;150.0;118.0;0.7867
Tabla 36;PVC;70;B1;2c;95;232.0;181.0;0.7802
Tabla 36;PVC;70;B1;3c;95;207.0;161.0;0.7778
Tabla 36;PVC;70;B2;2c;95;201.0;157.0;0.7811
Tabla 36;PVC;70;B2;3c;95;179.0;139.0;0.7765
Tabla 36;PVC;70;C;2c;95;258.0;195.0;0.7558
Tabla 36;PVC;70;C;3c;95;223.0;170.0;0.7623
Tabla 36;PVC;70;D;2c;95;216.0;166.0;0.7685
Tabla 36;PVC;70;D;3c;95;179.0;138.0;0.7709
Tabla 36;PVC;70;A1;2c;120;210.0;164.0;0.781
Tabla 36;PVC;70;A1;3c;120;188.0;149.0;0.7926
Tabla 36;PVC;70;A2;2c;120;192.0;150.0;0.7812
Tabla 36;PVC;70;A2;3c;120;172.0;135.0;0.7849
Tabla 36;PVC;70;B1;2c;120;269.0;210.0;0.7807
Tabla 36;PVC;70;B1;3c;120;239.0;186.0;0.7782
Tabla 36;PVC;70;B2;2c;120;232.0;181.0;0.7802
Tabla 36;PVC;70;B2;3c;120;206.0;160.0;0.7767
Tabla 36;PVC;70;C;2c;120;299.0;226.0;0.7559
Tabla 36;PVC;70;C;3c;120;259.0;197.0;0.7606
Tabla 36;PVC;70;D;2c;120;246.0;189.0;0.7683
Tabla 36;PVC;70;D;3c;120;203.0;157.0;0.7734
Tabla 36;PVC;70;A1;2c;150;240.0;189.0;0.7875
Tabla 36;PVC;70;A1;3c;150;216.0;170.0;0.787
Tabla 36;PVC;70;A2;2c;150;219.0;172.0;0.7854
Tabla 36;PVC;70;A2;3c;150;196.0;155.0;0.7908
Tabla 36;PVC;70;B1;2c;150;309.0;241.0;0.7799
Tabla 36;PVC;70;B1;3c;150;275.0;214.0;0.7782
Tabla 36;PVC;70;B2;2c;150;265.0;206.0;0.7774
Tabla 36;PVC;70;B2;3c;150;236.0;183.0;0.7754
Tabla 36;PVC;70;C;2c;150;344.0;261.0;0.7587
Tabla 36;PVC;70;C;3c;150;299.0;227.0;0.7592
Tabla 36;PVC;70;D;2c;150;278.0;213.0;0.7662
Tabla 36;PVC;70;D;3c;150;230.0;178.0;0.7739
Tabla 36;PVC;70;A1;2c;185;273.0;215.0;0.7875
Tabla 36;PVC;70;A1;3c;185;245.0;194.0;0.7918
Tabla 36;PVC;70;A2;2c;185;248.0;195.0;0.7863
Tabla 36;PVC;70;A2;3c;185;223.0;176.0;0.7892
Tabla 36;PVC;70;B1;2c;185;353.0;275.0;0.779
Tabla 36;PVC;70;B1;3c;185;314.0;245.0;0.7803
Tabla 36;PVC;70;B2;2c;185;300.0;234.0;0.78
Tabla 36;PVC;70;B2;3c;185;268.0;208.0;0.7761
Tabla 36;PVC;70;C;2c;185;392.0;298.0;0.7602
Tabla 36;PVC;70;C;3c;185;341.0;259.0;0.7595
Tabla 36;PVC;70;D;2c;185;312.0;240.0;0.7692
Tabla 36;PVC;70;D;3c;185;258.0;200.0;0.7752
Tabla 36;PVC;70;A1;2c;240;321.0;252.0;0.785
Tabla 36;PVC;70;A1;3c;240;286.0;227.0;0.7937
Tabla 36;PVC;70;A2;2c;240;291.0;229.0;0.7869
Tabla 36;PVC;70;A2;3c;240;261.0;207.0;0.7931
Tabla 36;PVC;70;B1;2c;240;415.0;324.0;0.7807
Tabla 36;PVC;70;B1;3c;240;370.0;288.0;0.7784
Tabla 36;PVC;70;B2;2c;240;351.0;274.0;0.7806
Tabla 36;PVC;70;B2;3c;240;313.0;243.0;0.7764
Tabla 36;PVC;70;C;2c;240;461.0;352.0;0.7636
Tabla 36;PVC;70;C;3c;240;403.0;305.0;0.7568
Tabla 36;PVC;70;D;2c;240;361.0;277.0;0.7673
Tabla 36;PVC;70;D;3c;240;297.0;230.0;0.7744
Tabla 36;PVC;70;A1;2c;300;367.0;289.0;0.7875
Tabla 36;PVC;70;A1;3c;300;328.0;261.0;0.7957
Tabla 36;PVC;70;A2;2c;300;334.0;263.0;0.7874
Tabla 36;PVC;70;A2;3c;300;298.0;237.0;0.7953
Tabla 36;PVC;70;B1;2c;300;477.0;372.0;0.7799
Tabla 36;PVC;70;B1;3c;300;426.0;331.0;0.777
Tabla 36;PVC;70;B2;2c;300;401.0;313.0;0.7805
Tabla 36;PVC;70;B2;3c;300;358.0;278.0;0.7765
Tabla 36;PVC;70;C;2c;300;530.0;406.0;0.766
Tabla 36;PVC;70;C;3c;300;464.0;351.0;0.7565
Tabla 36;PVC;70;D;2c;300;408.0;313.0;0.7672
Tabla 36;PVC;70;D;3c;300;336.0;260.0;0.7738
Tabla 37;XLPE/EPR;90;A1;2c;16;81.0;64.0;0.7901
Tabla 37;XLPE/EPR;90;A1;3c;16;73.0;58.0;0.7945
Tabla 37;XLPE/EPR;90;A2;2c;16;76.0;60.0;0.7895
Tabla 37;XLPE/EPR;90;A2;3c;16;68.0;55.0;0.8088
Tabla 37;XLPE/EPR;90;B1;2c;16;100.0;79.0;0.79
Tabla 37;XLPE/EPR;90;B1;3c;16;88.0;71.0;0.8068
Tabla 37;XLPE/EPR;90;B2;2c;16;91.0;72.0;0.7912
Tabla 37;XLPE/EPR;90;B2;3c;16;80.0;64.0;0.8
Tabla 37;XLPE/EPR;90;C;2c;16;107.0;84.0;0.785
Tabla 37;XLPE/EPR;90;C;3c;16;96.0;76.0;0.7917
Tabla 37;XLPE/EPR;90;D;2c;16;95.0;73.0;0.7684
Tabla 37;XLPE/EPR;90;D;3c;16;79.0;61.0;0.7722
Tabla 37;XLPE/EPR;90;A1;2c;25;106.0;84.0;0.7925
Tabla 37;XLPE/EPR;90;A1;3c;25;95.0;76.0;0.8
Tabla 37;XLPE/EPR;90;A2;2c;25;99.0;78.0;0.7879
Tabla 37;XLPE/EPR;90;A2;3c;25;89.0;71.0;0.7978
Tabla 37;XLPE/EPR;90;B1;2c;25;133.0;105.0;0.7895
Tabla 37;XLPE/EPR;90;B1;3c;25;117.0;93.0;0.7949
Tabla 37;XLPE/EPR;90;B2;2c;25;119.0;94.0;0.7899
Tabla 37;XLPE/EPR;90;B2;3c;25;105.0;84.0;0.8
Tabla 37;XLPE/EPR;90;C;2c;25;138.0;101.0;0.7319
Tabla 37;XLPE/EPR;90;C;3c;25;119.0;90.0;0.7563
Tabla 37;XLPE/EPR;90;D;2c;25;121.0;93.0;0.7686
Tabla 37;XLPE/EPR;90;D;3c;25;101.0;78.0;0.7723
Tabla 37;XLPE/EPR;90;A1;2c;35;131.0;103.0;0.7863
Tabla 37;XLPE/EPR;90;A1;3c;35;117.0;94.0;0.8034
Tabla 37;XLPE/EPR;90;A2;2c;35;121.0;96.0;0.7934
Tabla 37;XLPE/EPR;90;A2;3c;35;109.0;87.0;0.7982
Tabla 37;XLPE/EPR;90;B1;2c;35;164.0;130.0;0.7927
Tabla 37;XLPE/EPR;90;B1;3c;35;144.0;116.0;0.8056
Tabla 37;XLPE/EPR;90;B2;2c;35;146.0;115.0;0.7877
Tabla 37;XLPE/EPR;90;B2;3c;35;128.0;103.0;0.8047
Tabla 37;XLPE/EPR;90;C;2c;35;171.0;126.0;0.7368
Tabla 37;XLPE/EPR;90;C;3c;35;147.0;112.0;0.7619
Tabla 37;XLPE/EPR;90;D;2c;35;146.0;112.0;0.7671
Tabla 37;XLPE/EPR;90;D;3c;35;122.0;94.0;0.7705
Tabla 37;XLPE/EPR;90;A1;2c;50;158.0;125.0;0.7911
Tabla 37;XLPE/EPR;90;A1;3c;50;141.0;113.0;0.8014
Tabla 37;XLPE/EPR;90;A2;2c;50;145.0;115.0;0.7931
Tabla 37;XLPE/EPR;90;A2;3c;50;130.0;104.0;0.8
Tabla 37;XLPE/EPR;90;B1;2c;50;198.0;157.0;0.7929
Tabla 37;XLPE/EPR;90;B1;3c;50;175.0;140.0;0.8
Tabla 37;XLPE/EPR;90;B2;2c;50;175.0;138.0;0.7886
Tabla 37;XLPE/EPR;90;B2;3c;50;154.0;124.0;0.8052
Tabla 37;XLPE/EPR;90;C;2c;50;209.0;154.0;0.7368
Tabla 37;XLPE/EPR;90;C;3c;50;179.0;136.0;0.7598
Tabla 37;XLPE/EPR;90;D;2c;50;173.0;132.0;0.763
Tabla 37;XLPE/EPR;90;D;3c;50;144.0;112.0;0.7778
Tabla 37;XLPE/EPR;90;A1;2c;70;200.0;158.0;0.79
Tabla 37;XLPE/EPR;90;A1;3c;70;179.0;142.0;0.7933
Tabla 37;XLPE/EPR;90;A2;2c;70;183.0;145.0;0.7923
Tabla 37;XLPE/EPR;90;A2;3c;70;164.0;131.0;0.7988
Tabla 37;XLPE/EPR;90;B1;2c;70;253.0;200.0;0.7905
Tabla 37;XLPE/EPR;90;B1;3c;70;222.0;179.0;0.8063
Tabla 37;XLPE/EPR;90;B2;2c;70;221.0;175.0;0.7919
Tabla 37;XLPE/EPR;90;B2;3c;70;194.0;156.0;0.8041
Tabla 37;XLPE/EPR;90;C;2c;70;269.0;198.0;0.7361
Tabla 37;XLPE/EPR;90;C;3c;70;229.0;174.0;0.7598
Tabla 37;XLPE/EPR;90;D;2c;70;213.0;163.0;0.7653
Tabla 37;XLPE/EPR;90;D;3c;70;178.0;138.0;0.7753
Tabla 37;XLPE/EPR;90;A1;2c;95;241.0;191.0;0.7925
Tabla 37;XLPE/EPR;90;A1;3c;95;216.0;171.0;0.7917
Tabla 37;XLPE/EPR;90;A2;2c;95;220.0;175.0;0.7955
Tabla 37;XLPE/EPR;90;A2;3c;95;197.0;157.0;0.797
Tabla 37;XLPE/EPR;90;B1;2c;95;306.0;242.0;0.7908
Tabla 37;XLPE/EPR;90;B1;3c;95;269.0;217.0;0.8067
Tabla 37;XLPE/EPR;90;B2;2c;95;265.0;210.0;0.7925
Tabla 37;XLPE/EPR;90;B2;3c;95;233.0;188.0;0.8069
Tabla 37;XLPE/EPR;90;C;2c;95;328.0;241.0;0.7348
Tabla 37;XLPE/EPR;90;C;3c;95;278.0;211.0;0.759
Tabla 37;XLPE/EPR;90;D;2c;95;252.0;193.0;0.7659
Tabla 37;XLPE/EPR;90;D;3c;95;211.0;164.0;0.7773
Tabla 37;XLPE/EPR;90;A1;2c;120;278.0;220.0;0.7914
Tabla 37;XLPE/EPR;90;A1;3c;120;249.0;197.0;0.7912
Tabla 37;XLPE/EPR;90;A2;2c;120;253.0;201.0;0.7945
Tabla 37;XLPE/EPR;90;A2;3c;120;227.0;180.0;0.793
Tabla 37;XLPE/EPR;90;B1;2c;120;354.0;281.0;0.7938
Tabla 37;XLPE/EPR;90;B1;3c;120;312.0;251.0;0.8045
Tabla 37;XLPE/EPR;90;B2;2c;120;305.0;242.0;0.7934
Tabla 37;XLPE/EPR;90;B2;3c;120;268.0;216.0;0.806
Tabla 37;XLPE/EPR;90;C;2c;120;382.0;280.0;0.733
Tabla 37;XLPE/EPR;90;C;3c;120;322.0;245.0;0.7609
Tabla 37;XLPE/EPR;90;D;2c;120;287.0;220.0;0.7666
Tabla 37;XLPE/EPR;90;D;3c;120;240.0;186.0;0.775
Tabla 37;XLPE/EPR;90;A1;2c;150;318.0;253.0;0.7956
Tabla 37;XLPE/EPR;90;A1;3c;150;285.0;226.0;0.793
Tabla 37;XLPE/EPR;90;A2;2c;150;290.0;230.0;0.7931
Tabla 37;XLPE/EPR;90;A2;3c;150;259.0;206.0;0.7954
Tabla 37;XLPE/EPR;90;B1;2c;150;407.0;323.0;0.7936
Tabla 37;XLPE/EPR;90;B1;3c;150;358.0;289.0;0.8073
Tabla 37;XLPE/EPR;90;B2;2c;150;349.0;277.0;0.7937
Tabla 37;XLPE/EPR;90;B2;3c;150;307.0;248.0;0.8078
Tabla 37;XLPE/EPR;90;C;2c;150;441.0;324.0;0.7347
Tabla 37;XLPE/EPR;90;C;3c;150;371.0;283.0;0.7628
Tabla 37;XLPE/EPR;90;D;2c;150;324.0;249.0;0.7685
Tabla 37;XLPE/EPR;90;D;3c;150;271.0;210.0;0.7749
Tabla 37;XLPE/EPR;90;A1;2c;185;362.0;288.0;0.7956
Tabla 37;XLPE/EPR;90;A1;3c;185;324.0;256.0;0.7901
Tabla 37;XLPE/EPR;90;A2;2c;185;329.0;262.0;0.7964
Tabla 37;XLPE/EPR;90;A2;3c;185;295.0;233.0;0.7898
Tabla 37;XLPE/EPR;90;B1;2c;185;464.0;368.0;0.7931
Tabla 37;XLPE/EPR;90;B1;3c;185;408.0;330.0;0.8088
Tabla 37;XLPE/EPR;90;B2;2c;185;395.0;314.0;0.7949
Tabla 37;XLPE/EPR;90;B2;3c;185;348.0;281.0;0.8075
Tabla 37;XLPE/EPR;90;C;2c;185;506.0;371.0;0.7332
Tabla 37;XLPE/EPR;90;C;3c;185;424.0;323.0;0.7618
Tabla 37;XLPE/EPR;90;D;2c;185;363.0;279.0;0.7686
Tabla 37;XLPE/EPR;90;D;3c;185;304.0;236.0;0.7763
Tabla 37;XLPE/EPR;90;A1;2c;240;424.0;338.0;0.7972
Tabla 37;XLPE/EPR;90;A1;3c;240;380.0;300.0;0.7895
Tabla 37;XLPE/EPR;90;A2;2c;240;386.0;307.0;0.7953
Tabla 37;XLPE/EPR;90;A2;3c;240;346.0;273.0;0.789
Tabla 37;XLPE/EPR;90;B1;2c;240;546.0;433.0;0.793
Tabla 37;XLPE/EPR;90;B1;3c;240;481.0;389.0;0.8087
Tabla 37;XLPE/EPR;90;B2;2c;240;462.0;368.0;0.7965
Tabla 37;XLPE/EPR;90;B2;3c;240;407.0;329.0;0.8084
Tabla 37;XLPE/EPR;90;C;2c;240;599.0;439.0;0.7329
Tabla 37;XLPE/EPR;90;C;3c;240;500.0;382.0;0.764
Tabla 37;XLPE/EPR;90;D;2c;240;419.0;322.0;0.7685
Tabla 37;XLPE/EPR;90;D;3c;240;351.0;272.0;0.7749
Tabla 37;XLPE/EPR;90;A1;2c;300;486.0;387.0;0.7963
Tabla 37;XLPE/EPR;90;A1;3c;300;435.0;344.0;0.7908
Tabla 37;XLPE/EPR;90;A2;2c;300;442.0;352.0;0.7964
Tabla 37;XLPE/EPR;90;A2;3c;300;396.0;313.0;0.7904
Tabla 37;XLPE/EPR;90;B1;2c;300;628.0;499.0;0.7946
Tabla 37;XLPE/EPR;90;B1;3c;300;553.0;447.0;0.8083
Tabla 37;XLPE/EPR;90;B2;2c;300;529.0;421.0;0.7958
Tabla 37;XLPE/EPR;90;B2;3c;300;465.0;377.0;0.8108
Tabla 37;XLPE/EPR;90;C;2c;300;693.0;508.0;0.733
Tabla 37;XLPE/EPR;90;C;3c;300;576.0;440.0;0.7639
Tabla 37;XLPE/EPR;90;D;2c;300;474.0;364.0;0.7679
Tabla 37;XLPE/EPR;90;D;3c;300;396.0;308.0;0.7778
Tabla 38;PVC;70;E;2c (multipolar);16;94.0;73.0;0.7766
Tabla 38;PVC;70;E;3c (multipolar);16;80.0;61.0;0.7625
Tabla 38;PVC;70;F;2c justapostos;16;99.0;73.0;0.7374
Tabla 38;PVC;70;F;3c trifólio;16;82.0;62.0;0.7561
Tabla 38;PVC;70;F;3c plano justapostos;16;85.0;65.0;0.7647
Tabla 38;PVC;70;G;3c horizontal espaçados;16;110.0;84.0;0.7636
Tabla 38;PVC;70;G;3c vertical espaçados;16;97.0;73.0;0.7526
Tabla 38;PVC;70;E;2c (multipolar);25;119.0;89.0;0.7479
Tabla 38;PVC;70;E;3c (multipolar);25;101.0;78.0;0.7723
Tabla 38;PVC;70;F;2c justapostos;25;131.0;98.0;0.7481
Tabla 38;PVC;70;F;3c trifólio;25;110.0;84.0;0.7636
Tabla 38;PVC;70;F;3c plano justapostos;25;114.0;87.0;0.7632
Tabla 38;PVC;70;G;3c horizontal espaçados;25;146.0;112.0;0.7671
Tabla 38;PVC;70;G;3c vertical espaçados;25;130.0;99.0;0.7615
Tabla 38;PVC;70;E;2c (multipolar);35;148.0;111.0;0.75
Tabla 38;PVC;70;E;3c (multipolar);35;126.0;96.0;0.7619
Tabla 38;PVC;70;F;2c justapostos;35;162.0;122.0;0.7531
Tabla 38;PVC;70;F;3c trifólio;35;137.0;105.0;0.7664
Tabla 38;PVC;70;F;3c plano justapostos;35;143.0;109.0;0.7622
Tabla 38;PVC;70;G;3c horizontal espaçados;35;181.0;139.0;0.768
Tabla 38;PVC;70;G;3c vertical espaçados;35;162.0;124.0;0.7654
Tabla 38;PVC;70;E;2c (multipolar);50;180.0;135.0;0.75
Tabla 38;PVC;70;E;3c (multipolar);50;153.0;117.0;0.7647
Tabla 38;PVC;70;F;2c justapostos;50;196.0;149.0;0.7602
Tabla 38;PVC;70;F;3c trifólio;50;167.0;128.0;0.7665
Tabla 38;PVC;70;F;3c plano justapostos;50;174.0;133.0;0.7644
Tabla 38;PVC;70;G;3c horizontal espaçados;50;219.0;169.0;0.7717
Tabla 38;PVC;70;G;3c vertical espaçados;50;197.0;152.0;0.7716
Tabla 38;PVC;70;E;2c (multipolar);70;232.0;173.0;0.7457
Tabla 38;PVC;70;E;3c (multipolar);70;196.0;150.0;0.7653
Tabla 38;PVC;70;F;2c justapostos;70;251.0;192.0;0.7649
Tabla 38;PVC;70;F;3c trifólio;70;216.0;166.0;0.7685
Tabla 38;PVC;70;F;3c plano justapostos;70;225.0;173.0;0.7689
Tabla 38;PVC;70;G;3c horizontal espaçados;70;281.0;217.0;0.7722
Tabla 38;PVC;70;G;3c vertical espaçados;70;254.0;196.0;0.7717
Tabla 38;PVC;70;E;2c (multipolar);95;282.0;210.0;0.7447
Tabla 38;PVC;70;E;3c (multipolar);95;238.0;183.0;0.7689
Tabla 38;PVC;70;F;2c justapostos;95;304.0;235.0;0.773
Tabla 38;PVC;70;F;3c trifólio;95;264.0;203.0;0.7689
Tabla 38;PVC;70;F;3c plano justapostos;95;275.0;212.0;0.7709
Tabla 38;PVC;70;G;3c horizontal espaçados;95;341.0;265.0;0.7771
Tabla 38;PVC;70;G;3c vertical espaçados;95;311.0;241.0;0.7749
Tabla 38;PVC;70;E;2c (multipolar);120;328.0;244.0;0.7439
Tabla 38;PVC;70;E;3c (multipolar);120;276.0;212.0;0.7681
Tabla 38;PVC;70;F;2c justapostos;120;352.0;273.0;0.7756
Tabla 38;PVC;70;F;3c trifólio;120;308.0;237.0;0.7695
Tabla 38;PVC;70;F;3c plano justapostos;120;321.0;247.0;0.7695
Tabla 38;PVC;70;G;3c horizontal espaçados;120;396.0;308.0;0.7778
Tabla 38;PVC;70;G;3c vertical espaçados;120;362.0;282.0;0.779
Tabla 38;PVC;70;E;2c (multipolar);150;379.0;282.0;0.7441
Tabla 38;PVC;70;E;3c (multipolar);150;319.0;245.0;0.768
Tabla 38;PVC;70;F;2c justapostos;150;406.0;316.0;0.7783
Tabla 38;PVC;70;F;3c trifólio;150;356.0;274.0;0.7697
Tabla 38;PVC;70;F;3c plano justapostos;150;372.0;287.0;0.7715
Tabla 38;PVC;70;G;3c horizontal espaçados;150;456.0;356.0;0.7807
Tabla 38;PVC;70;G;3c vertical espaçados;150;419.0;327.0;0.7804
Tabla 38;PVC;70;E;2c (multipolar);185;434.0;322.0;0.7419
Tabla 38;PVC;70;E;3c (multipolar);185;364.0;280.0;0.7692
Tabla 38;PVC;70;F;2c justapostos;185;463.0;363.0;0.784
Tabla 38;PVC;70;F;3c trifólio;185;409.0;315.0;0.7702
Tabla 38;PVC;70;F;3c plano justapostos;185;427.0;330.0;0.7728
Tabla 38;PVC;70;G;3c horizontal espaçados;185;521.0;407.0;0.7812
Tabla 38;PVC;70;G;3c vertical espaçados;185;480.0;376.0;0.7833
Tabla 38;PVC;70;E;2c (multipolar);240;514.0;380.0;0.7393
Tabla 38;PVC;70;E;3c (multipolar);240;430.0;330.0;0.7674
Tabla 38;PVC;70;F;2c justapostos;240;546.0;430.0;0.7875
Tabla 38;PVC;70;F;3c trifólio;240;485.0;375.0;0.7732
Tabla 38;PVC;70;F;3c plano justapostos;240;507.0;392.0;0.7732
Tabla 38;PVC;70;G;3c horizontal espaçados;240;615.0;482.0;0.7837
Tabla 38;PVC;70;G;3c vertical espaçados;240;569.0;447.0;0.7856
Tabla 38;PVC;70;E;2c (multipolar);300;593.0;439.0;0.7403
Tabla 38;PVC;70;E;3c (multipolar);300;497.0;381.0;0.7666
Tabla 38;PVC;70;F;2c justapostos;300;629.0;497.0;0.7901
Tabla 38;PVC;70;F;3c trifólio;300;561.0;434.0;0.7736
Tabla 38;PVC;70;F;3c plano justapostos;300;587.0;455.0;0.7751
Tabla 38;PVC;70;G;3c horizontal espaçados;300;709.0;557.0;0.7856
Tabla 38;PVC;70;G;3c vertical espaçados;300;659.0;519.0;0.7876
Tabla 39;XLPE/EPR;90;E;2c (multipolar);16;115.0;91.0;0.7913
Tabla 39;XLPE/EPR;90;E;3c (multipolar);16;100.0;77.0;0.77
Tabla 39;XLPE/EPR;90;F;2c justapostos;16;121.0;90.0;0.7438
Tabla 39;XLPE/EPR;90;F;3c trifólio;16;101.0;76.0;0.7525
Tabla 39;XLPE/EPR;90;F;3c plano justapostos;16;105.0;79.0;0.7524
Tabla 39;XLPE/EPR;90;G;3c horizontal espaçados;16;137.0;103.0;0.7518
Tabla 39;XLPE/EPR;90;G;3c vertical espaçados;16;120.0;90.0;0.75
Tabla 39;XLPE/EPR;90;E;2c (multipolar);25;149.0;108.0;0.7248
Tabla 39;XLPE/EPR;90;E;3c (multipolar);25;127.0;97.0;0.7638
Tabla 39;XLPE/EPR;90;F;2c justapostos;25;161.0;121.0;0.7516
Tabla 39;XLPE/EPR;90;F;3c trifólio;25;135.0;103.0;0.763
Tabla 39;XLPE/EPR;90;F;3c plano justapostos;25;141.0;107.0;0.7589
Tabla 39;XLPE/EPR;90;G;3c horizontal espaçados;25;182.0;138.0;0.7582
Tabla 39;XLPE/EPR;90;G;3c vertical espaçados;25;161.0;122.0;0.7578
Tabla 39;XLPE/EPR;90;E;2c (multipolar);35;185.0;135.0;0.7297
Tabla 39;XLPE/EPR;90;E;3c (multipolar);35;158.0;120.0;0.7595
Tabla 39;XLPE/EPR;90;F;2c justapostos;35;200.0;150.0;0.75
Tabla 39;XLPE/EPR;90;F;3c trifólio;35;169.0;129.0;0.7633
Tabla 39;XLPE/EPR;90;F;3c plano justapostos;35;176.0;135.0;0.767
Tabla 39;XLPE/EPR;90;G;3c horizontal espaçados;35;226.0;172.0;0.7611
Tabla 39;XLPE/EPR;90;G;3c vertical espaçados;35;201.0;153.0;0.7612
Tabla 39;XLPE/EPR;90;E;2c (multipolar);50;225.0;164.0;0.7289
Tabla 39;XLPE/EPR;90;E;3c (multipolar);50;192.0;146.0;0.7604
Tabla 39;XLPE/EPR;90;F;2c justapostos;50;242.0;184.0;0.7603
Tabla 39;XLPE/EPR;90;F;3c trifólio;50;207.0;159.0;0.7681
Tabla 39;XLPE/EPR;90;F;3c plano justapostos;50;216.0;165.0;0.7639
Tabla 39;XLPE/EPR;90;G;3c horizontal espaçados;50;275.0;210.0;0.7636
Tabla 39;XLPE/EPR;90;G;3c vertical espaçados;50;246.0;188.0;0.7642
Tabla 39;XLPE/EPR;90;E;2c (multipolar);70;289.0;211.0;0.7301
Tabla 39;XLPE/EPR;90;E;3c (multipolar);70;246.0;187.0;0.7602
Tabla 39;XLPE/EPR;90;F;2c justapostos;70;310.0;237.0;0.7645
Tabla 39;XLPE/EPR;90;F;3c trifólio;70;268.0;206.0;0.7687
Tabla 39;XLPE/EPR;90;F;3c plano justapostos;70;279.0;215.0;0.7706
Tabla 39;XLPE/EPR;90;G;3c horizontal espaçados;70;353.0;271.0;0.7677
Tabla 39;XLPE/EPR;90;G;3c vertical espaçados;70;318.0;244.0;0.7673
Tabla 39;XLPE/EPR;90;E;2c (multipolar);95;352.0;257.0;0.7301
Tabla 39;XLPE/EPR;90;E;3c (multipolar);95;298.0;227.0;0.7617
Tabla 39;XLPE/EPR;90;F;2c justapostos;95;377.0;289.0;0.7666
Tabla 39;XLPE/EPR;90;F;3c trifólio;95;328.0;253.0;0.7713
Tabla 39;XLPE/EPR;90;F;3c plano justapostos;95;342.0;264.0;0.7719
Tabla 39;XLPE/EPR;90;G;3c horizontal espaçados;95;430.0;332.0;0.7721
Tabla 39;XLPE/EPR;90;G;3c vertical espaçados;95;389.0;300.0;0.7712
Tabla 39;XLPE/EPR;90;E;2c (multipolar);120;410.0;300.0;0.7317
Tabla 39;XLPE/EPR;90;E;3c (multipolar);120;346.0;263.0;0.7601
Tabla 39;XLPE/EPR;90;F;2c justapostos;120;437.0;337.0;0.7712
Tabla 39;XLPE/EPR;90;F;3c trifólio;120;383.0;296.0;0.7728
Tabla 39;XLPE/EPR;90;F;3c plano justapostos;120;400.0;308.0;0.77
Tabla 39;XLPE/EPR;90;G;3c horizontal espaçados;120;500.0;387.0;0.774
Tabla 39;XLPE/EPR;90;G;3c vertical espaçados;120;454.0;351.0;0.7731
Tabla 39;XLPE/EPR;90;E;2c (multipolar);150;473.0;346.0;0.7315
Tabla 39;XLPE/EPR;90;E;3c (multipolar);150;399.0;304.0;0.7619
Tabla 39;XLPE/EPR;90;F;2c justapostos;150;504.0;389.0;0.7718
Tabla 39;XLPE/EPR;90;F;3c trifólio;150;444.0;343.0;0.7725
Tabla 39;XLPE/EPR;90;F;3c plano justapostos;150;464.0;358.0;0.7716
Tabla 39;XLPE/EPR;90;G;3c horizontal espaçados;150;577.0;448.0;0.7764
Tabla 39;XLPE/EPR;90;G;3c vertical espaçados;150;527.0;408.0;0.7742
Tabla 39;XLPE/EPR;90;E;2c (multipolar);185;542.0;397.0;0.7325
Tabla 39;XLPE/EPR;90;E;3c (multipolar);185;456.0;347.0;0.761
Tabla 39;XLPE/EPR;90;F;2c justapostos;185;575.0;447.0;0.7774
Tabla 39;XLPE/EPR;90;F;3c trifólio;185;510.0;395.0;0.7745
Tabla 39;XLPE/EPR;90;F;3c plano justapostos;185;533.0;413.0;0.7749
Tabla 39;XLPE/EPR;90;G;3c horizontal espaçados;185;661.0;515.0;0.7791
Tabla 39;XLPE/EPR;90;G;3c vertical espaçados;185;605.0;470.0;0.7769
Tabla 39;XLPE/EPR;90;E;2c (multipolar);240;641.0;470.0;0.7332
Tabla 39;XLPE/EPR;90;E;3c (multipolar);240;538.0;409.0;0.7602
Tabla 39;XLPE/EPR;90;F;2c justapostos;240;679.0;530.0;0.7806
Tabla 39;XLPE/EPR;90;F;3c trifólio;240;607.0;471.0;0.7759
Tabla 39;XLPE/EPR;90;F;3c plano justapostos;240;634.0;492.0;0.776
Tabla 39;XLPE/EPR;90;G;3c horizontal espaçados;240;781.0;611.0;0.7823
Tabla 39;XLPE/EPR;90;G;3c vertical espaçados;240;719.0;561.0;0.7803
Tabla 39;XLPE/EPR;90;E;2c (multipolar);300;741.0;543.0;0.7328
Tabla 39;XLPE/EPR;90;E;3c (multipolar);300;621.0;471.0;0.7585
Tabla 39;XLPE/EPR;90;F;2c justapostos;300;783.0;613.0;0.7829
Tabla 39;XLPE/EPR;90;F;3c trifólio;300;703.0;547.0;0.7781
Tabla 39;XLPE/EPR;90;F;3c plano justapostos;300;736.0;571.0;0.7758
Tabla 39;XLPE/EPR;90;G;3c horizontal espaçados;300;902.0;708.0;0.7849
Tabla 39;XLPE/EPR;90;G;3c vertical espaçados;300;833.0;652.0;0.7827
